1.47173876184E12,0.19068487,-0.19068487,9.874752,-33.90111541748047,151.2216796875,
1.471738762534E12,0.06810174,-0.14982383,9.684067,-33.90111541748047,151.2216796875,
1.471738763215E12,0.10896278,-0.14982383,9.724928,-33.90111541748047,151.2216796875,
1.471738763904E12,0.06810174,-0.61291564,9.80665,-33.90111541748047,151.2216796875,
1.471738764575E12,0.10896278,0.38136974,9.915613,-33.90111541748047,151.2216796875,
1.471738765258E12,0.29964766,0.7218784,9.684067,-33.90111541748047,151.2216796875,
1.47173876594E12,0.19068487,1.8387469,10.419566,-33.90111541748047,151.2216796875,
1.471738766615E12,-0.10896278,1.9885708,10.147159,-33.90111541748047,151.2216796875,
1.471738767305E12,0.3405087,1.484618,10.18802,-33.90111541748047,151.2216796875,
1.471738767985E12,0.38136974,0.7627395,9.643207,-33.90111541748047,151.2216796875,
1.471738768674E12,1.1032481,0.6401563,8.880466,-33.90111541748047,151.2216796875,
1.471738769355E12,0.027240695,0.8308412,9.80665,-33.90111541748047,151.2216796875,
1.471738770028E12,0.61291564,0.6401563,10.2152605,-33.90111541748047,151.2216796875,
1.471738770706E12,-0.3405087,-0.21792556,12.6669235,-33.90111541748047,151.2216796875,
1.471738771388E12,-0.7218784,-0.21792556,10.296983,-33.90111541748047,151.2216796875,
1.471738772066E12,-0.44947147,0.19068487,9.765789,-33.90111541748047,151.2216796875,
1.471738772746E12,-1.0215261,0.0,10.2152605,-33.90111541748047,151.2216796875,
1.471738773434E12,-0.95342433,0.06810174,10.256122,-33.90111541748047,151.2216796875,
1.471738774161E12,-0.8036005,0.10896278,10.2152605,-33.90111541748047,151.2216796875,
1.471738774796E12,-0.95342433,0.53119355,9.643207,-33.90111541748047,151.2216796875,
1.471738775351E12,-0.10896278,0.7218784,10.991621,-33.90111541748047,151.2216796875,
1.471738776032E12,-1.334794,0.87170225,10.61025,-33.90111541748047,151.2216796875,
1.471738776726E12,0.40861043,0.87170225,9.956474,-33.90111541748047,151.2216796875,
1.471738777402E12,-0.6401563,0.6401563,8.185829,-33.90111541748047,151.2216796875,
1.47173877809E12,-0.10896278,-0.06810174,9.071152,-33.90111541748047,151.2216796875,
1.471738778769E12,0.6401563,0.25878662,10.18802,-33.90111541748047,151.2216796875,
1.471738779466E12,-0.0,-0.29964766,10.256122,-33.90111541748047,151.2216796875,
1.471738780136E12,-0.19068487,-0.10896278,9.643207,-33.90111541748047,151.2216796875,
1.471738780825E12,-1.607201,0.25878662,7.995144,-33.90111541748047,151.2216796875,
1.471738781517E12,2.0975335,0.44947147,8.158588,-33.90111541748047,151.2216796875,
1.471738782197E12,0.10896278,-1.2258313,10.56939,-33.90111541748047,151.2216796875,
1.471738782878E12,0.3405087,-0.7627395,9.452521,-33.90111541748047,151.2216796875,
1.471738783567E12,-0.06810174,-0.44947147,9.343558,-33.90111541748047,151.2216796875,
1.471738784246E12,-0.0,-0.29964766,9.302697,-33.90111541748047,151.2216796875,
1.471738784923E12,0.06810174,-0.38136974,9.071152,-33.90111541748047,151.2216796875,
1.471738785609E12,0.40861043,-0.87170225,9.724928,-33.90111541748047,151.2216796875,
1.471738786286E12,-1.3756552,0.19068487,9.261836,-33.90111541748047,151.2216796875,
1.47173878697E12,-0.027240695,0.3405087,11.059722,-33.90111541748047,151.2216796875,
1.471738787658E12,-0.027240695,0.6401563,8.539958,-33.90111541748047,151.2216796875,
1.471738788348E12,-0.8308412,0.25878662,9.302697,-33.90111541748047,151.2216796875,
1.471738789029E12,-0.53119355,0.87170225,9.575105,-33.90111541748047,151.2216796875,
1.471738789711E12,-0.3405087,0.61291564,14.355846,-33.90111541748047,151.2216796875,
1.471738790398E12,-0.21792556,0.4903325,11.372991,-33.90111541748047,151.2216796875,
1.471738791131E12,0.53119355,-0.44947147,10.760075,-33.90111541748047,151.2216796875,
1.47173879178E12,-0.0,-0.8036005,10.106298,-33.90111541748047,151.2216796875,
1.471738792465E12,0.14982383,-0.6810174,9.193735,-33.90111541748047,151.2216796875,
1.47173879315E12,-0.14982383,-1.1441092,9.915613,-33.90111541748047,151.2216796875,
1.47173879384E12,0.44947147,-0.9125633,7.7363577,-33.90111541748047,151.2216796875,
1.471738794514E12,0.5720546,-0.5720546,10.18802,-33.90111541748047,151.2216796875,
1.471738795198E12,-0.29964766,-0.40861043,9.874752,-33.90111541748047,151.2216796875,
1.471738795883E12,0.14982383,-1.56634,8.580819,-33.90111541748047,151.2216796875,
1.471738796576E12,0.14982383,-1.6753027,9.643207,-33.90111541748047,151.2216796875,
1.471738797256E12,0.06810174,-1.484618,9.724928,-33.90111541748047,151.2216796875,
1.471738797815E12,0.10896278,-1.253072,9.915613,-33.90111541748047,151.2216796875,
1.471738798506E12,0.19068487,-0.6401563,9.684067,-33.90111541748047,151.2216796875,
1.471738799184E12,-0.027240695,0.29964766,9.724928,-33.90111541748047,151.2216796875,
1.471738799872E12,-0.14982383,0.21792556,9.724928,-33.90111541748047,151.2216796875,
1.471738800543E12,0.10896278,0.21792556,10.065437,-33.90111541748047,151.2216796875,
1.471738801218E12,-0.06810174,1.6753027,10.378705,-33.90111541748047,151.2216796875,
1.471738801914E12,-0.06810174,1.9477097,9.493382,-33.90111541748047,151.2216796875,
1.471738802594E12,0.7627395,1.56634,10.024576,-33.90111541748047,151.2216796875,
1.47173880328E12,0.3405087,1.334794,9.997335,-33.90111541748047,151.2216796875,
1.471738803981E12,0.53119355,0.8308412,9.302697,-33.90111541748047,151.2216796875,
1.471738804653E12,-0.10896278,1.0623871,9.874752,-33.90111541748047,151.2216796875,
1.471738805339E12,-0.29964766,1.6344417,11.291268,-33.90111541748047,151.2216796875,
1.471738806029E12,0.29964766,0.19068487,9.343558,-33.90111541748047,151.2216796875,
1.471738806711E12,0.10896278,0.21792556,10.256122,-33.90111541748047,151.2216796875,
1.471738807399E12,-0.29964766,0.14982383,9.384419,-33.90111541748047,151.2216796875,
1.471738808136E12,0.4903325,0.3405087,9.956474,-33.90111541748047,151.2216796875,
1.471738808761E12,0.14982383,0.95342433,10.678352,-33.90111541748047,151.2216796875,
1.471738809306E12,0.19068487,1.0215261,9.643207,-33.90111541748047,151.2216796875,
1.471738809994E12,0.21792556,1.334794,10.296983,-33.90111541748047,151.2216796875,
1.471738810671E12,0.06810174,0.9942854,10.8281765,-33.90111541748047,151.2216796875,
1.471738811372E12,-0.25878662,0.9125633,8.921328,-33.90111541748047,151.2216796875,
1.471738812062E12,0.38136974,0.7218784,9.602345,-33.90111541748047,151.2216796875,
1.471738812744E12,0.61291564,0.9942854,9.602345,-33.90111541748047,151.2216796875,
1.471738813439E12,0.61291564,0.87170225,5.6660647,-33.90111541748047,151.2216796875,
1.471738814134E12,-1.0215261,0.21792556,7.4230895,-33.90111541748047,151.2216796875,
1.4717388148E12,0.3405087,0.87170225,9.534244,-33.90111541748047,151.2216796875,
1.471738815491E12,-0.14982383,0.7627395,8.921328,-33.90111541748047,151.2216796875,
1.471738816177E12,1.2258313,1.0215261,10.378705,-33.90111541748047,151.2216796875,
1.471738816867E12,0.10896278,-0.25878662,10.378705,-33.90111541748047,151.2216796875,
1.471738817565E12,0.10896278,0.19068487,8.458236,-33.90111541748047,151.2216796875,
1.47173881825E12,0.06810174,0.40861043,10.337844,-33.90111541748047,151.2216796875,
1.471738818933E12,-0.25878662,0.19068487,9.220976,-33.90111541748047,151.2216796875,
1.47173881962E12,0.9125633,0.19068487,9.152874,-33.90111541748047,151.2216796875,
1.471738820314E12,-0.61291564,0.8308412,9.261836,-33.90111541748047,151.2216796875,
1.471738820995E12,0.3405087,-0.19068487,9.384419,-33.90111541748047,151.2216796875,
1.471738821681E12,0.027240695,-0.7218784,10.024576,-33.90111541748047,151.2216796875,
1.471738822361E12,-0.027240695,0.027240695,8.185829,-33.90111541748047,151.2216796875,
1.471738823048E12,-0.53119355,0.29964766,8.648921,-33.90111541748047,151.2216796875,
1.471738823731E12,0.4903325,0.10896278,9.643207,-33.90111541748047,151.2216796875,
1.471738824419E12,0.29964766,0.06810174,10.024576,-33.90111541748047,151.2216796875,
1.471738825104E12,0.6810174,0.06810174,9.80665,-33.90111541748047,151.2216796875,
1.471738825782E12,0.8308412,-0.29964766,10.678352,-33.90111541748047,151.2216796875,
1.471738826468E12,0.53119355,0.10896278,9.602345,-33.90111541748047,151.2216796875,
1.47173882716E12,-0.14982383,0.5720546,10.337844,-33.90111541748047,151.2216796875,
1.471738827843E12,0.8036005,0.6401563,8.349273,-33.90111541748047,151.2216796875,
1.471738828533E12,-0.4903325,1.1849703,10.446807,-33.90111541748047,151.2216796875,
1.471738829228E12,-0.29964766,0.8036005,8.539958,-33.90111541748047,151.2216796875,
1.471738829918E12,-0.53119355,0.6810174,10.61025,-33.90111541748047,151.2216796875,
1.471738830601E12,0.027240695,1.4437568,9.41166,-33.90111541748047,151.2216796875,
1.471738831214E12,-0.027240695,1.0215261,9.193735,-33.90111541748047,151.2216796875,
1.471738831825E12,0.027240695,0.4903325,9.833891,-33.90111541748047,151.2216796875,
1.471738832504E12,-0.14982383,0.3405087,9.833891,-33.88908767700195,151.2025146484375,
1.471738833286E12,0.87170225,0.027240695,9.071152,-33.88908767700195,151.2025146484375,
1.471738833884E12,-0.29964766,-0.21792556,10.024576,-33.88911056518555,151.20237731933594,
1.471738834564E12,0.4903325,0.0,10.487668,-33.88911056518555,151.20225524902344,
1.471738835255E12,0.06810174,-1.8659877,10.18802,-33.889076232910156,151.20213317871094,
1.471738835819E12,0.5720546,-2.3699405,9.724928,-33.889076232910156,151.20213317871094,
1.471738836472E12,-0.8036005,-3.445948,11.250407,-33.889076232910156,151.20213317871094,
1.471738837187E12,-0.19068487,-2.9419951,9.833891,-33.889076232910156,151.20213317871094,
1.471738837845E12,-1.1849703,-3.091819,9.80665,-33.88902282714844,151.20193481445313,
1.471738838535E12,-0.40861043,-1.8387469,9.765789,-33.88902282714844,151.20193481445313,
1.471738839217E12,-0.29964766,-1.4165162,9.997335,-33.88902282714844,151.20193481445313,
1.471738839889E12,-0.19068487,-0.38136974,9.997335,-33.88902282714844,151.20193481445313,
1.471738840571E12,-0.21792556,0.44947147,9.833891,-33.88902282714844,151.20193481445313,
1.47173884126E12,-0.29964766,0.38136974,9.684067,-33.888946533203125,151.20187377929688,
1.471738841951E12,-0.29964766,-0.25878662,9.874752,-33.888946533203125,151.20187377929688,
1.471738842634E12,-0.21792556,-0.29964766,9.833891,-33.888946533203125,151.20187377929688,
1.471738843307E12,-0.38136974,0.06810174,9.874752,-33.888946533203125,151.20187377929688,
1.471738843989E12,-0.25878662,0.0,9.874752,-33.888946533203125,151.20187377929688,
1.471738844686E12,-0.25878662,0.027240695,9.643207,-33.888946533203125,151.20187377929688,
1.471738845371E12,-0.21792556,0.027240695,9.80665,-33.888946533203125,151.20187377929688,
1.471738846063E12,-0.29964766,-0.14982383,9.915613,-33.888946533203125,151.20187377929688,
1.471738846734E12,-0.25878662,0.10896278,9.874752,-33.888946533203125,151.20199584960938,
1.471738847416E12,-0.29964766,0.10896278,9.833891,-33.888946533203125,151.20199584960938,
1.47173884817E12,-0.19068487,0.10896278,9.874752,-33.888946533203125,151.20199584960938,
1.471738848792E12,-0.29964766,-0.027240695,9.874752,-33.888946533203125,151.20199584960938,
1.471738849479E12,-0.29964766,0.0,9.765789,-33.888946533203125,151.20199584960938,
1.471738850163E12,-0.4903325,0.10896278,9.724928,-33.888946533203125,151.20199584960938,
1.471738850828E12,-0.19068487,0.10896278,9.956474,-33.888946533203125,151.20199584960938,
1.471738851514E12,-0.10896278,-0.10896278,9.643207,-33.888946533203125,151.20199584960938,
1.471738852205E12,-0.21792556,0.0,9.724928,-33.888946533203125,151.20199584960938,
1.471738852901E12,-0.25878662,0.0,9.724928,-33.888946533203125,151.20199584960938,
1.471738853614E12,-0.25878662,0.027240695,9.724928,-33.888946533203125,151.20199584960938,
1.471738854268E12,-0.25878662,-0.027240695,9.724928,-33.888946533203125,151.20199584960938,
1.471738854954E12,-0.25878662,-0.027240695,9.724928,-33.888946533203125,151.20199584960938,
1.471738855635E12,-0.3405087,0.027240695,9.765789,-33.888946533203125,151.20199584960938,
1.471738856318E12,-0.25878662,-0.06810174,9.684067,-33.888946533203125,151.20199584960938,
1.471738857008E12,-0.3405087,-0.027240695,9.724928,-33.888946533203125,151.20199584960938,
1.471738857673E12,-0.38136974,0.0,9.80665,-33.888946533203125,151.20199584960938,
1.471738858352E12,-0.29964766,-0.027240695,9.602345,-33.888946533203125,151.20199584960938,
1.471738859036E12,-0.40861043,0.0,9.833891,-33.888946533203125,151.20199584960938,
1.471738859732E12,-0.25878662,0.027240695,9.765789,-33.888946533203125,151.20199584960938,
1.471738860408E12,-0.25878662,-0.027240695,9.684067,-33.888946533203125,151.20199584960938,
1.471738861083E12,-0.21792556,0.06810174,9.997335,-33.888946533203125,151.20199584960938,
1.471738861765E12,-0.44947147,-0.06810174,9.765789,-33.888946533203125,151.20199584960938,
1.471738862454E12,-0.38136974,-0.027240695,9.80665,-33.888946533203125,151.20199584960938,
1.471738863186E12,-0.25878662,-0.027240695,9.643207,-33.888946533203125,151.20199584960938,
1.471738863823E12,-0.40861043,0.027240695,9.602345,-33.888946533203125,151.20199584960938,
1.471738864495E12,-0.3405087,0.10896278,9.724928,-33.888946533203125,151.20199584960938,
1.471738865168E12,-0.25878662,0.027240695,9.765789,-33.88896942138672,151.20188903808594,
1.471738865855E12,-0.29964766,0.0,9.724928,-33.88896942138672,151.20188903808594,
1.471738866552E12,-0.38136974,0.06810174,9.833891,-33.88896942138672,151.20188903808594,
1.471738867231E12,-0.40861043,0.06810174,9.724928,-33.88896942138672,151.20188903808594,
1.471738867926E12,-0.21792556,0.10896278,9.956474,-33.88896942138672,151.20188903808594,
1.471738868583E12,-0.25878662,0.10896278,9.724928,-33.88896942138672,151.20188903808594,
1.471738869267E12,-0.29964766,-0.027240695,9.765789,-33.88896942138672,151.20188903808594,
1.471738869957E12,-0.25878662,0.0,9.643207,-33.88896942138672,151.20188903808594,
1.471738870639E12,-0.3405087,0.0,9.602345,-33.88896942138672,151.20188903808594,
1.471738871357E12,-0.38136974,0.06810174,9.956474,-33.88896942138672,151.20188903808594,
1.471738871991E12,-0.25878662,-0.027240695,9.765789,-33.88896942138672,151.20188903808594,
1.471738872681E12,-0.25878662,0.0,9.684067,-33.88896942138672,151.20188903808594,
1.471738873364E12,-0.29964766,0.06810174,9.80665,-33.88896942138672,151.20188903808594,
1.47173887405E12,-0.38136974,0.0,9.80665,-33.88896942138672,151.20188903808594,
1.47173887474E12,-0.25878662,0.027240695,9.765789,-33.88896942138672,151.20188903808594,
1.471738875412E12,-0.38136974,0.10896278,9.80665,-33.88896942138672,151.20188903808594,
1.471738876103E12,-0.25878662,0.027240695,9.724928,-33.88896942138672,151.20188903808594,
1.471738876786E12,-0.19068487,0.027240695,9.997335,-33.88896942138672,151.20188903808594,
1.471738877467E12,-0.25878662,0.14982383,9.956474,-33.88887405395508,151.2019805908203,
1.471738878183E12,-0.25878662,0.14982383,9.956474,-33.88887405395508,151.2019805908203,
1.471738878824E12,-0.19068487,0.027240695,9.765789,-33.88887405395508,151.2019805908203,
1.471738879506E12,-0.29964766,-0.027240695,9.724928,-33.88887405395508,151.2019805908203,
1.471738880196E12,-0.21792556,0.06810174,9.765789,-33.88887405395508,151.2019805908203,
1.471738880876E12,-0.38136974,0.027240695,9.765789,-33.88887405395508,151.2019805908203,
1.471738881559E12,-0.29964766,0.0,9.643207,-33.88887405395508,151.2019805908203,
1.471738882235E12,-0.25878662,0.06810174,9.575105,-33.88887405395508,151.2019805908203,
1.471738882915E12,-0.29964766,0.10896278,9.765789,-33.88887405395508,151.2019805908203,
1.471738883611E12,-0.3405087,0.027240695,9.602345,-33.88887405395508,151.2019805908203,
1.471738884291E12,-0.29964766,0.10896278,9.956474,-33.88887405395508,151.2019805908203,
1.471738884967E12,-0.44947147,0.027240695,9.643207,-33.88887405395508,151.2019805908203,
1.471738885714E12,-0.14982383,0.10896278,9.833891,-33.88887405395508,151.2019805908203,
1.471738886333E12,-0.027240695,-1.4165162,9.575105,-33.88887405395508,151.2019805908203,
1.471738887032E12,-0.14982383,0.19068487,9.833891,-33.88887405395508,151.2019805908203,
1.471738887745E12,-0.3405087,0.10896278,9.874752,-33.88887405395508,151.2019805908203,
1.471738888425E12,-0.21792556,0.06810174,9.765789,-33.88887405395508,151.2019805908203,
1.471738889186E12,-0.3405087,0.027240695,9.765789,-33.88887405395508,151.2019805908203,
1.47173888985E12,-0.38136974,0.027240695,9.80665,-33.88887405395508,151.2019805908203,
1.471738890538E12,-0.25878662,-0.06810174,9.724928,-33.88887405395508,151.2019805908203,
1.47173889122E12,-0.29964766,0.19068487,10.024576,-33.88887405395508,151.2019805908203,
1.471738891907E12,-0.38136974,0.14982383,9.833891,-33.88887405395508,151.2019805908203,
1.471738892597E12,-0.29964766,0.0,9.80665,-33.88887405395508,151.2019805908203,
1.47173889326E12,-0.21792556,-0.027240695,9.765789,-33.888797760009766,151.20205688476563,
1.471738893926E12,-0.25878662,-0.027240695,9.765789,-33.888797760009766,151.20205688476563,
1.471738894612E12,-0.38136974,0.0,9.956474,-33.888797760009766,151.20205688476563,
1.471738895282E12,-0.21792556,0.14982383,9.833891,-33.88887405395508,151.20199584960938,
1.47173889597E12,-0.3405087,-0.027240695,9.765789,-33.88887405395508,151.20199584960938,
1.471738896641E12,-0.29964766,0.027240695,9.724928,-33.88887405395508,151.20199584960938,
1.471738897317E12,-0.40861043,0.14982383,9.80665,-33.88887405395508,151.20199584960938,
1.471738897885E12,-0.38136974,0.027240695,9.80665,-33.88887405395508,151.20199584960938,
1.471738898548E12,-0.25878662,-0.027240695,9.874752,-33.88887405395508,151.20199584960938,
1.471738899234E12,-0.38136974,0.0,9.684067,-33.88887405395508,151.20199584960938,
1.471738899925E12,-0.21792556,0.027240695,9.833891,-33.88887405395508,151.20199584960938,
1.471738900594E12,-0.38136974,0.06810174,9.915613,-33.88887405395508,151.20199584960938,
1.471738901285E12,-0.19068487,-0.027240695,9.765789,-33.88887405395508,151.20199584960938,
1.471738901966E12,-0.25878662,0.027240695,9.874752,-33.88887405395508,151.20199584960938,
1.471738902646E12,-0.25878662,0.027240695,9.874752,-33.88887405395508,151.20199584960938,
1.471738903354E12,-0.3405087,-0.10896278,9.724928,-33.88887405395508,151.20199584960938,
1.471738904002E12,-0.25878662,0.14982383,10.024576,-33.88887405395508,151.20199584960938,
1.4717389047E12,-0.25878662,0.027240695,9.643207,-33.88887405395508,151.20199584960938,
1.471738905391E12,-0.29964766,-0.027240695,9.724928,-33.88887405395508,151.20199584960938,
1.471738906063E12,-0.29964766,0.06810174,9.724928,-33.88887405395508,151.20199584960938,
1.471738906749E12,-0.25878662,0.14982383,9.915613,-33.88887405395508,151.20199584960938,
1.471738907422E12,-0.29964766,0.0,9.80665,-33.88887405395508,151.20199584960938,
1.47173890811E12,-0.19068487,0.0,9.643207,-33.88887405395508,151.20199584960938,
1.471738908791E12,-0.19068487,0.19068487,9.956474,-33.88887405395508,151.20199584960938,
1.471738909482E12,-0.29964766,0.0,9.602345,-33.88887405395508,151.20199584960938,
1.471738910184E12,-0.21792556,0.027240695,9.833891,-33.88887405395508,151.20199584960938,
1.471738910837E12,-0.29964766,-0.027240695,9.643207,-33.88887405395508,151.20199584960938,
1.471738911524E12,-0.40861043,0.027240695,9.724928,-33.88887405395508,151.20199584960938,
1.471738912217E12,-0.29964766,-0.027240695,9.765789,-33.88887405395508,151.20199584960938,
1.471738912902E12,-0.19068487,-0.027240695,9.575105,-33.88887405395508,151.20199584960938,
1.471738913606E12,-0.40861043,0.87170225,9.874752,-33.88887405395508,151.20199584960938,
1.471738914281E12,-0.38136974,1.8387469,9.684067,-33.88887405395508,151.20199584960938,
1.471738914958E12,-0.25878662,2.6423476,9.41166,-33.88887405395508,151.20199584960938,
1.471738915667E12,-0.40861043,2.2473574,9.602345,-33.88887405395508,151.20199584960938,
1.471738916343E12,-0.6810174,1.525479,9.071152,-33.88887405395508,151.20199584960938,
1.471738917036E12,-0.6810174,2.1792557,9.833891,-33.88887405395508,151.20199584960938,
1.471738917709E12,-1.0215261,1.6753027,10.296983,-33.88867950439453,151.20205688476563,
1.4717389184E12,0.38136974,0.7218784,9.956474,-33.88867950439453,151.20205688476563,
1.471738918948E12,0.40861043,0.9942854,9.643207,-33.88867950439453,151.20205688476563,
1.471738919629E12,-0.44947147,0.53119355,9.956474,-33.88867950439453,151.20205688476563,
1.471738920308E12,-0.29964766,0.8036005,9.302697,-33.88867950439453,151.20205688476563,
1.471738920981E12,-0.10896278,0.5720546,10.147159,-33.88867950439453,151.20205688476563,
1.471738921659E12,-0.6810174,0.25878662,9.602345,-33.88867950439453,151.20205688476563,
1.471738922362E12,0.10896278,0.21792556,9.997335,-33.88867950439453,151.20205688476563,
1.471738923047E12,0.06810174,0.21792556,9.724928,-33.88867950439453,151.20205688476563,
1.471738923591E12,-1.1032481,0.10896278,9.112013,-33.88867950439453,151.20205688476563,
1.471738924294E12,-0.25878662,0.14982383,9.41166,-33.888755798339844,151.20140075683594,
1.471738924942E12,-0.10896278,0.40861043,9.302697,-33.888755798339844,151.20140075683594,
1.471738925615E12,-0.29964766,0.38136974,9.152874,-33.88883972167969,151.2012481689453,
1.4717389263E12,0.21792556,0.10896278,9.643207,-33.88909912109375,151.2010498046875,
1.471738926987E12,-0.0,0.10896278,9.261836,-33.88909912109375,151.2010498046875,
1.471738927676E12,-0.19068487,0.10896278,10.147159,-33.88923645019531,151.20094299316406,
1.471738928346E12,0.10896278,0.8308412,10.760075,-33.88935470581055,151.20086669921875,
1.471738929032E12,0.10896278,0.3405087,9.724928,-33.88935470581055,151.20086669921875,
1.47173892972E12,-0.40861043,0.9125633,10.446807,-33.889442443847656,151.20077514648438,
1.471738930397E12,0.38136974,0.19068487,10.296983,-33.8895263671875,151.20068359375,
1.471738931074E12,0.027240695,-0.06810174,9.534244,-33.8895263671875,151.20068359375,
1.471738931775E12,-0.29964766,-0.29964766,10.18802,-33.8895263671875,151.20068359375,
1.471738932452E12,0.40861043,-0.95342433,10.419566,-33.88961410522461,151.2005157470703,
1.471738933193E12,0.06810174,-1.0623871,10.487668,-33.88961410522461,151.2005157470703,
1.471738933824E12,-0.5720546,-1.7978859,9.915613,-33.88965606689453,151.20040893554688,
1.471738934514E12,-0.19068487,-1.607201,10.296983,-33.88965606689453,151.20040893554688,
1.47173893519E12,0.21792556,-0.44947147,10.61025,-33.88965606689453,151.20040893554688,
1.471738935868E12,0.19068487,-0.53119355,9.343558,-33.88965606689453,151.20040893554688,
1.471738936596E12,-0.29964766,-0.61291564,9.575105,-33.88965606689453,151.20040893554688,
1.471738937269E12,0.21792556,-0.7218784,9.997335,-33.88965606689453,151.20040893554688,
1.471738937956E12,0.8036005,0.027240695,10.024576,-33.88965606689453,151.20040893554688,
1.471738938642E12,0.40861043,0.21792556,10.7192135,-33.88965606689453,151.20040893554688,
1.471738939317E12,0.7218784,0.40861043,9.765789,-33.88965606689453,151.20040893554688,
1.471738940006E12,-0.8036005,0.5720546,9.724928,-33.88965606689453,151.20040893554688,
1.47173894071E12,-0.40861043,0.21792556,9.112013,-33.88965606689453,151.20040893554688,
1.471738941389E12,0.21792556,0.6401563,9.724928,-33.88965606689453,151.20040893554688,
1.471738942091E12,-0.7627395,1.6753027,14.818938,-33.88965606689453,151.20040893554688,
1.471738942747E12,-1.1849703,0.25878662,10.419566,-33.88965606689453,151.20040893554688,
1.471738943429E12,-0.0,0.0,9.452521,-33.88965606689453,151.20040893554688,
1.471738944167E12,-0.06810174,-0.44947147,9.220976,-33.88965606689453,151.20040893554688,
1.47173894471E12,-0.29964766,-0.8308412,9.80665,-33.88965606689453,151.20040893554688,
1.471738945342E12,-0.0,-0.21792556,10.296983,-33.88965606689453,151.20040893554688,
1.471738946018E12,-0.7218784,0.10896278,10.487668,-33.88965606689453,151.20040893554688,
1.471738946701E12,0.10896278,0.29964766,10.528529,-33.88965606689453,151.20040893554688,
1.47173894737E12,0.21792556,0.29964766,10.065437,-33.88965606689453,151.20040893554688,
1.471738948037E12,-0.4903325,0.7218784,10.487668,-33.88965606689453,151.20040893554688,
1.471738948703E12,-0.6401563,0.53119355,9.220976,-33.88965606689453,151.20040893554688,
1.471738949377E12,0.027240695,0.7218784,9.384419,-33.88965606689453,151.20040893554688,
1.471738950053E12,0.29964766,1.2258313,10.296983,-33.88965606689453,151.20040893554688,
1.471738950725E12,-0.06810174,1.0623871,10.446807,-33.8883056640625,151.1976776123047,
1.471738951406E12,-0.10896278,1.0215261,9.602345,-33.888187408447266,151.19760131835938,
1.471738951952E12,-0.61291564,0.7218784,8.921328,-33.888187408447266,151.19760131835938,
1.471738952579E12,-0.10896278,0.87170225,9.724928,-33.888187408447266,151.19760131835938,
1.47173895317E12,-0.25878662,0.9942854,9.956474,-33.888187408447266,151.19760131835938,
1.471738953854E12,0.25878662,0.7218784,8.989429,-33.888187408447266,151.19760131835938,
1.471738954551E12,0.4903325,0.3405087,9.874752,-33.888153076171875,151.19708251953125,
1.471738955227E12,0.14982383,0.3405087,10.18802,-33.888153076171875,151.19708251953125,
1.47173895591E12,-0.9125633,-2.2201166,7.84532,-33.888153076171875,151.19708251953125,
1.471738956602E12,-0.44947147,0.44947147,10.56939,-33.888153076171875,151.19708251953125,
1.471738957279E12,-0.21792556,0.29964766,11.141444,-33.888153076171875,151.19708251953125,
1.471738957971E12,-0.61291564,-0.25878662,9.602345,-33.888153076171875,151.19708251953125,
1.471738958649E12,-0.027240695,-0.19068487,9.575105,-33.888153076171875,151.19708251953125,
1.471738959341E12,-0.19068487,0.027240695,10.024576,-33.888153076171875,151.19708251953125,
1.471738959901E12,-0.027240695,0.19068487,9.874752,-33.888153076171875,151.19708251953125,
1.471738960558E12,-0.25878662,-0.44947147,9.534244,-33.887725830078125,151.19638061523438,
1.471738961242E12,-0.87170225,0.0,9.643207,-33.88774490356445,151.1961212158203,
1.471738961789E12,-0.44947147,0.6810174,10.61025,-33.88774490356445,151.1961212158203,
1.471738962463E12,-0.0,0.61291564,10.337844,-33.88776779174805,151.19590759277344,
1.471738963129E12,0.06810174,0.7218784,10.637491,-33.88776779174805,151.19590759277344,
1.471738963797E12,-0.5720546,0.6401563,8.580819,-33.88776779174805,151.19590759277344,
1.471738964482E12,0.7218784,0.25878662,9.030291,-33.88776779174805,151.19590759277344,
1.471738965205E12,0.6810174,0.3405087,9.030291,-33.88776779174805,151.19590759277344,
1.471738965746E12,0.06810174,0.7627395,10.760075,-33.88776779174805,151.19590759277344,
1.471738966277E12,0.5720546,0.7218784,10.296983,-33.88776779174805,151.19590759277344,
1.471738967014E12,0.14982383,1.253072,10.065437,-33.88776779174805,151.19590759277344,
1.471738967633E12,-0.40861043,0.44947147,10.256122,-33.88764953613281,151.1950225830078,
1.471738968335E12,-0.29964766,0.44947147,9.643207,-33.88764953613281,151.1950225830078,
1.471738968886E12,0.53119355,1.293933,9.41166,-33.88764953613281,151.1950225830078,
1.471738969623E12,-0.21792556,0.9125633,10.446807,-33.887630462646484,151.19480895996094,
1.471738970238E12,-0.14982383,0.21792556,9.602345,-33.887630462646484,151.19480895996094,
1.471738970912E12,-0.3405087,-0.06810174,8.962189,-33.887630462646484,151.19480895996094,
1.471738971592E12,-0.29964766,0.61291564,10.487668,-33.887630462646484,151.19480895996094,
1.471738972185E12,0.3405087,-0.19068487,8.921328,-33.887630462646484,151.19480895996094,
1.471738972841E12,-0.21792556,0.027240695,9.602345,-33.887630462646484,151.19480895996094,
1.471738973538E12,-0.5720546,-0.25878662,9.915613,-33.887630462646484,151.19480895996094,
1.471738974198E12,-0.027240695,-0.4903325,9.071152,-33.887630462646484,151.19480895996094,
1.471738974889E12,-0.44947147,-0.06810174,10.106298,-33.887630462646484,151.19480895996094,
1.471738975432E12,-0.5720546,-0.14982383,8.499097,-33.887630462646484,151.19480895996094,
1.471738976153E12,-0.21792556,-0.44947147,9.493382,-33.887630462646484,151.19480895996094,
1.471738976804E12,-0.40861043,0.21792556,10.2152605,-33.887630462646484,151.19480895996094,
1.471738977528E12,-0.53119355,-1.253072,9.41166,-33.887630462646484,151.19480895996094,
1.471738978161E12,-0.4903325,-0.8036005,10.61025,-33.887630462646484,151.19480895996094,
1.471738978854E12,-0.19068487,-0.5720546,8.962189,-33.8875732421875,151.19375610351563,
1.471738979566E12,-0.19068487,-0.6810174,9.915613,-33.88760757446289,151.1935577392578,
1.471738980236E12,-0.29964766,-1.1441092,10.147159,-33.88760757446289,151.1935577392578,
1.471738980917E12,-0.5720546,-0.3405087,9.684067,-33.88760757446289,151.1935577392578,
1.471738981591E12,-0.29964766,-0.06810174,9.874752,-33.88760757446289,151.1935577392578,
1.471738982273E12,-0.21792556,0.53119355,9.534244,-33.88760757446289,151.1935577392578,
1.471738982998E12,0.3405087,0.21792556,9.575105,-33.88760757446289,151.1935577392578,
1.471738983645E12,-0.38136974,0.6401563,9.80665,-33.88760757446289,151.1935577392578,
1.47173898434E12,-0.4903325,0.7218784,9.765789,-33.88760757446289,151.1935577392578,
1.471738985014E12,-0.3405087,0.8308412,9.765789,-33.88760757446289,151.1935577392578,
1.471738985553E12,-0.38136974,0.44947147,9.997335,-33.88760757446289,151.1935577392578,
1.471738986238E12,-0.3405087,0.21792556,10.106298,-33.88760757446289,151.1935577392578,
1.471738986874E12,-0.3405087,0.7218784,10.106298,-33.88760757446289,151.1935577392578,
1.471738987479E12,-0.4903325,0.53119355,9.493382,-33.88760757446289,151.1935577392578,
1.471738988176E12,-0.40861043,0.53119355,9.643207,-33.88760757446289,151.1935577392578,
1.471738988831E12,-0.3405087,0.53119355,9.874752,-33.88760757446289,151.1935577392578,
1.4717389895E12,-0.21792556,0.6810174,10.296983,-33.88760757446289,151.1935577392578,
1.471738990196E12,-0.40861043,0.6810174,9.534244,-33.88760757446289,151.1935577392578,
1.471738990883E12,-0.4903325,0.61291564,9.724928,-33.88760757446289,151.1935577392578,
1.471738991573E12,-0.44947147,0.5720546,9.602345,-33.88760757446289,151.1935577392578,
1.471738992246E12,-0.40861043,0.40861043,10.106298,-33.88760757446289,151.1935577392578,
1.471738992925E12,-0.44947147,0.9125633,9.956474,-33.88760757446289,151.1935577392578,
1.471738993474E12,-0.29964766,1.56634,9.765789,-33.88760757446289,151.1935577392578,
1.471738994222E12,-0.10896278,2.2201166,9.684067,-33.88760757446289,151.1935577392578,
1.47173899486E12,0.21792556,1.9068487,9.261836,-33.88760757446289,151.1935577392578,
1.47173899553E12,-0.14982383,2.2201166,9.493382,-33.88760757446289,151.1935577392578,
1.471738996199E12,0.19068487,1.607201,9.41166,-33.88760757446289,151.1935577392578,
1.471738996888E12,0.6810174,1.1032481,10.487668,-33.88760757446289,151.1935577392578,
1.471738997559E12,0.7218784,1.6753027,10.678352,-33.88755416870117,151.19345092773438,
1.471738998231E12,1.3756552,1.293933,10.378705,-33.88755416870117,151.19345092773438,
1.471738998901E12,1.56634,0.61291564,10.56939,-33.88755416870117,151.19345092773438,
1.471738999566E12,1.6344417,0.06810174,9.384419,-33.88761901855469,151.19332885742188,
1.471739000233E12,1.8387469,0.027240695,9.575105,-33.88761901855469,151.19332885742188,
1.471739000899E12,2.2473574,0.25878662,9.575105,-33.88761901855469,151.19332885742188,
1.471739001567E12,2.1792557,1.1032481,10.065437,-33.88761901855469,151.19332885742188,
1.471739002234E12,1.0215261,0.8036005,10.106298,-33.88761901855469,151.19332885742188,
1.471739002906E12,-0.027240695,0.7218784,9.684067,-33.88761901855469,151.19332885742188,
1.471739003578E12,-0.8308412,0.027240695,8.962189,-33.88761901855469,151.19332885742188,
1.47173900426E12,-0.5720546,0.61291564,9.724928,-33.88761901855469,151.19332885742188,
1.471739004945E12,-0.6401563,0.8036005,10.296983,-33.88761901855469,151.19332885742188,
1.471739005621E12,-1.2258313,0.3405087,9.030291,-33.88761901855469,151.19332885742188,
1.471739006293E12,-0.53119355,1.0215261,9.956474,-33.88761901855469,151.19332885742188,
1.471739006959E12,-1.0215261,0.14982383,8.839605,-33.88761901855469,151.19332885742188,
1.471739007639E12,0.027240695,0.8036005,10.378705,-33.88761901855469,151.19332885742188,
1.471739008318E12,-0.5720546,0.38136974,9.724928,-33.88761901855469,151.19332885742188,
1.471739008869E12,-0.6401563,0.25878662,9.684067,-33.88761901855469,151.19332885742188,
1.47173900944E12,-0.95342433,0.06810174,9.833891,-33.88761901855469,151.19332885742188,
1.471739010135E12,-0.6401563,-1.1032481,9.915613,-33.88761901855469,151.19332885742188,
1.471739010767E12,-0.8036005,-1.9477097,9.493382,-33.88761901855469,151.19332885742188,
1.471739011454E12,-0.19068487,-2.1383946,9.602345,-33.88761901855469,151.19332885742188,
1.471739012148E12,-0.0,-1.3756552,9.534244,-33.88761901855469,151.19332885742188,
1.471739012822E12,-0.19068487,0.06810174,9.602345,-33.88761901855469,151.19332885742188,
1.471739013495E12,-0.14982383,-0.25878662,10.296983,-33.88761901855469,151.19332885742188,
1.471739014188E12,0.3405087,-0.87170225,9.261836,-33.88761901855469,151.19332885742188,
1.471739014879E12,0.10896278,-0.9942854,9.80665,-33.88761901855469,151.19332885742188,
1.47173901559E12,0.10896278,-1.56634,9.915613,-33.88761901855469,151.19332885742188,
1.471739016266E12,-0.027240695,-1.56634,9.80665,-33.88761901855469,151.19332885742188,
1.471739016941E12,-0.19068487,-0.9125633,9.765789,-33.88761901855469,151.19332885742188,
1.471739017623E12,0.21792556,-0.29964766,10.18802,-33.88761901855469,151.19332885742188,
1.471739018187E12,0.10896278,-0.44947147,10.296983,-33.88761901855469,151.19332885742188,
1.471739018863E12,0.38136974,0.0,9.534244,-33.88761901855469,151.19332885742188,
1.471739019531E12,0.19068487,-0.027240695,9.684067,-33.88761901855469,151.19332885742188,
1.471739020205E12,-0.06810174,0.19068487,10.2152605,-33.88761901855469,151.19332885742188,
1.471739020872E12,-0.0,1.0215261,10.024576,-33.88761901855469,151.19332885742188,
1.47173902155E12,0.19068487,1.334794,9.997335,-33.88761901855469,151.19332885742188,
1.471739022229E12,0.06810174,1.4437568,9.643207,-33.88761901855469,151.19332885742188,
1.471739022915E12,-0.29964766,0.8308412,9.956474,-33.88761901855469,151.19332885742188,
1.471739023601E12,-0.19068487,1.253072,9.452521,-33.88761901855469,151.19332885742188,
1.471739024266E12,-0.8308412,0.40861043,9.80665,-33.88761901855469,151.19332885742188,
1.471739024953E12,-0.5720546,0.38136974,9.41166,-33.88761901855469,151.19332885742188,
1.471739025638E12,-0.06810174,0.4903325,9.643207,-33.88761901855469,151.19332885742188,
1.471739026336E12,0.06810174,0.38136974,9.643207,-33.88761901855469,151.19332885742188,
1.471739027038E12,-0.25878662,0.25878662,9.997335,-33.88761901855469,151.19332885742188,
1.471739027685E12,-0.7218784,0.06810174,9.602345,-33.88761901855469,151.19332885742188,
1.471739028366E12,-0.61291564,0.5720546,10.065437,-33.88761901855469,151.19332885742188,
1.471739029031E12,0.10896278,0.53119355,9.493382,-33.88761901855469,151.19332885742188,
1.471739029719E12,0.38136974,0.4903325,9.724928,-33.88761901855469,151.19332885742188,
1.471739030263E12,-0.38136974,0.14982383,10.2152605,-33.88761901855469,151.19332885742188,
1.471739030942E12,-0.0,0.38136974,11.182305,-33.88761901855469,151.19332885742188,
1.471739031625E12,0.9942854,-0.14982383,9.833891,-33.88761901855469,151.19332885742188,
1.471739032306E12,0.3405087,-0.6810174,9.874752,-33.88761901855469,151.19332885742188,
1.471739032987E12,0.21792556,-0.9125633,9.302697,-33.88761901855469,151.19332885742188,
1.471739033664E12,0.14982383,-1.334794,10.637491,-33.88761901855469,151.19332885742188,
1.471739034348E12,-0.29964766,-0.9125633,10.296983,-33.88761901855469,151.19332885742188,
1.471739035016E12,-0.7218784,-0.87170225,10.065437,-33.88761901855469,151.19332885742188,
1.471739035682E12,0.21792556,-0.95342433,9.493382,-33.88761901855469,151.19332885742188,
1.471739036349E12,-0.4903325,-1.8659877,9.452521,-33.88761901855469,151.19332885742188,
1.471739037025E12,-0.44947147,-1.4165162,9.534244,-33.88761901855469,151.19332885742188,
1.471739037653E12,-0.3405087,-1.7570249,9.80665,-33.88761901855469,151.19332885742188,
1.471739038246E12,-0.38136974,-1.56634,9.534244,-33.88761901855469,151.19332885742188,
1.47173903892E12,-0.95342433,-3.255263,9.384419,-33.88761901855469,151.19332885742188,
1.471739039633E12,0.9942854,-4.630918,9.874752,-33.88761901855469,151.19332885742188,
1.471739040038E12,-0.40861043,-2.4108016,9.915613,-33.88761901855469,151.19332885742188,
1.471739040711E12,0.10896278,-1.4437568,9.997335,-33.88761901855469,151.19332885742188,
1.471739041383E12,-0.10896278,-0.027240695,9.997335,-33.88761901855469,151.19332885742188,
1.471739042055E12,-0.14982383,0.06810174,9.956474,-33.88761901855469,151.19332885742188,
1.471739042732E12,-0.21792556,-0.10896278,9.765789,-33.88761901855469,151.19332885742188,
1.471739043405E12,0.10896278,-0.25878662,10.147159,-33.88761901855469,151.19332885742188,
1.471739044124E12,-0.21792556,-0.21792556,9.80665,-33.88761901855469,151.19332885742188,
1.471739044632E12,-0.14982383,0.0,9.833891,-33.88761901855469,151.19332885742188,
1.47173904531E12,0.10896278,-0.027240695,9.80665,-33.88761901855469,151.19332885742188,
1.471739045992E12,-0.027240695,-0.06810174,9.765789,-33.88761901855469,151.19332885742188,
1.471739046678E12,-0.21792556,-0.19068487,9.874752,-33.88761901855469,151.19332885742188,
1.471739047225E12,-0.19068487,-0.14982383,9.833891,-33.88761901855469,151.19332885742188,
1.471739047934E12,-0.19068487,-0.027240695,9.765789,-33.88761901855469,151.19332885742188,
1.471739048616E12,-0.06810174,-0.027240695,9.765789,-33.88761901855469,151.19332885742188,
1.47173904929E12,-0.14982383,-0.06810174,9.765789,-33.88761901855469,151.19332885742188,
1.471739049976E12,-0.14982383,-0.06810174,9.724928,-33.88761901855469,151.19332885742188,
1.471739050654E12,-0.10896278,0.0,9.80665,-33.88761901855469,151.19332885742188,
1.47173905134E12,-0.06810174,0.0,9.956474,-33.88761901855469,151.19332885742188,
1.471739052029E12,-0.14982383,-0.14982383,9.724928,-33.88761901855469,151.19332885742188,
1.471739052703E12,-0.06810174,-0.19068487,9.684067,-33.88761901855469,151.19332885742188,
1.471739053387E12,-0.14982383,-0.14982383,9.833891,-33.88761901855469,151.19332885742188,
1.47173905395E12,-0.10896278,-0.10896278,9.80665,-33.88761901855469,151.19332885742188,
1.471739054629E12,0.25878662,-0.10896278,9.724928,-33.88761901855469,151.19332885742188,
1.471739055319E12,-0.25878662,-0.19068487,9.80665,-33.88761901855469,151.19332885742188,
1.471739055992E12,-0.14982383,-0.10896278,9.80665,-33.88761901855469,151.19332885742188,
1.471739056572E12,-0.10896278,0.40861043,9.724928,-33.88761901855469,151.19332885742188,
1.471739057216E12,-0.3405087,0.4903325,9.724928,-33.88761901855469,151.19332885742188,
1.471739057844E12,-0.29964766,0.61291564,9.643207,-33.88761901855469,151.19332885742188,
1.471739058458E12,-0.38136974,0.7627395,9.724928,-33.88761901855469,151.19332885742188,
1.471739059182E12,-0.38136974,1.9068487,10.337844,-33.88761901855469,151.19332885742188,
1.471739059802E12,-0.5720546,1.3756552,10.296983,-33.88761901855469,151.19332885742188,
1.471739060356E12,-0.61291564,1.4165162,10.678352,-33.88761901855469,151.19332885742188,
1.471739061046E12,-1.1441092,1.1849703,9.997335,-33.88761901855469,151.19332885742188,
1.471739061723E12,-1.0623871,0.6810174,9.384419,-33.88761901855469,151.19332885742188,
1.471739062408E12,-1.293933,0.19068487,9.724928,-33.88761901855469,151.19332885742188,
1.471739063083E12,-1.334794,0.4903325,9.956474,-33.88761901855469,151.19332885742188,
1.471739063775E12,-1.607201,0.5720546,9.765789,-33.88388442993164,151.19508361816406,
1.471739064476E12,-1.2258313,0.95342433,10.637491,-33.88388442993164,151.19508361816406,
1.471739065198E12,-1.2258313,1.253072,9.452521,-33.88388442993164,151.19508361816406,
1.47173906585E12,-1.293933,1.6344417,9.452521,-33.88388442993164,151.19508361816406,
1.471739066519E12,-0.7218784,1.484618,10.528529,-33.88388442993164,151.19508361816406,
1.471739067186E12,-0.6810174,1.9068487,10.61025,-33.88388442993164,151.19508361816406,
1.471739067854E12,-0.10896278,1.4437568,9.343558,-33.88388442993164,151.19508361816406,
1.471739068532E12,-0.14982383,1.525479,11.3321295,-33.88388442993164,151.19508361816406,
1.471739069229E12,0.06810174,0.61291564,9.452521,-33.88388442993164,151.19508361816406,
1.47173906994E12,-1.1441092,0.10896278,9.874752,-33.88388442993164,151.19508361816406,
1.471739070619E12,0.7218784,0.027240695,11.4410925,-33.88388442993164,151.19508361816406,
1.471739071381E12,-0.14982383,0.5720546,9.684067,-33.88388442993164,151.19508361816406,
1.471739071914E12,0.06810174,0.9125633,11.059722,-33.88388442993164,151.19508361816406,
1.471739072601E12,-0.44947147,1.0623871,10.2152605,-33.88388442993164,151.19508361816406,
1.471739073142E12,-0.0,1.0215261,15.050485,-33.88388442993164,151.19508361816406,
1.471739073812E12,0.25878662,0.7627395,9.643207,-33.88388442993164,151.19508361816406,
1.47173907448E12,-0.14982383,1.1849703,9.41166,-33.88388442993164,151.19508361816406,
1.471739075159E12,0.5720546,0.87170225,6.0474343,-33.88388442993164,151.19508361816406,
1.471739075841E12,0.25878662,0.7218784,10.106298,-33.88388442993164,151.19508361816406,
1.471739076526E12,-0.9125633,1.1032481,9.956474,-33.88388442993164,151.19508361816406,
1.471739077204E12,1.1032481,0.53119355,9.452521,-33.88388442993164,151.19508361816406,
1.471739077879E12,-0.027240695,1.1441092,9.152874,-33.88388442993164,151.19508361816406,
1.471739078555E12,-0.4903325,0.7218784,10.2152605,-33.88388442993164,151.19508361816406,
1.471739079231E12,0.53119355,1.0215261,10.7192135,-33.88388442993164,151.19508361816406,
1.47173907992E12,-0.95342433,0.8036005,9.384419,-33.88388442993164,151.19508361816406,
1.471739080596E12,-1.1032481,1.3756552,10.296983,-33.88388442993164,151.19508361816406,
1.471739081287E12,-0.14982383,0.95342433,9.765789,-33.88388442993164,151.19508361816406,
1.471739081973E12,-0.6401563,0.40861043,10.678352,-33.88388442993164,151.19508361816406,
1.471739082648E12,-0.4903325,-0.10896278,10.56939,-33.884666442871094,151.1922607421875,
1.471739083341E12,-0.53119355,-0.5720546,9.643207,-33.884666442871094,151.1922607421875,
1.471739084039E12,-0.40861043,-0.53119355,9.874752,-33.884666442871094,151.1922607421875,
1.471739084714E12,-0.53119355,-1.293933,10.528529,-33.88460159301758,151.1920623779297,
1.471739085414E12,-0.06810174,-0.7218784,9.874752,-33.88460159301758,151.1919403076172,
1.471739086088E12,0.10896278,-0.6401563,9.684067,-33.88460159301758,151.1919403076172,
1.471739086767E12,0.61291564,-1.0623871,9.220976,-33.88460159301758,151.1919403076172,
1.471739087443E12,0.10896278,-1.3756552,10.256122,-33.88459396362305,151.19174194335938,
1.471739088116E12,-0.44947147,-1.9885708,10.2152605,-33.88459396362305,151.19174194335938,
1.471739088806E12,-0.3405087,-1.7570249,10.147159,-33.88459396362305,151.19161987304688,
1.471739089342E12,-0.0,-1.334794,9.643207,-33.88459396362305,151.19161987304688,
1.471739090014E12,-0.06810174,-0.8308412,9.575105,-33.88459396362305,151.19161987304688,
1.471739090695E12,-0.10896278,-0.7218784,9.765789,-33.88459396362305,151.19161987304688,
1.471739091374E12,-0.19068487,-0.44947147,9.915613,-33.88459396362305,151.19161987304688,
1.47173909207E12,-0.027240695,0.5720546,9.575105,-33.88459396362305,151.19161987304688,
1.47173909261E12,0.19068487,0.61291564,10.024576,-33.88459396362305,151.19161987304688,
1.471739093283E12,-0.14982383,0.4903325,9.874752,-33.88459396362305,151.19161987304688,
1.471739093972E12,-0.06810174,0.53119355,9.915613,-33.88459396362305,151.19161987304688,
1.471739094654E12,-0.21792556,0.5720546,9.833891,-33.88459396362305,151.19161987304688,
1.471739095334E12,-0.06810174,0.53119355,9.534244,-33.88459396362305,151.19161987304688,
1.47173909603E12,-0.027240695,0.6401563,9.874752,-33.88459396362305,151.19161987304688,
1.471739096763E12,-0.0,0.4903325,9.833891,-33.88459396362305,151.19161987304688,
1.471739097434E12,-0.0,0.53119355,10.065437,-33.88459396362305,151.19161987304688,
1.4717390981E12,-0.027240695,0.44947147,9.684067,-33.88459396362305,151.19161987304688,
1.471739098766E12,-0.027240695,0.44947147,9.452521,-33.88459396362305,151.19161987304688,
1.471739099433E12,-0.06810174,0.6810174,9.833891,-33.88459396362305,151.19161987304688,
1.471739100107E12,0.06810174,0.61291564,9.602345,-33.88459396362305,151.19161987304688,
1.471739100776E12,-0.10896278,0.6401563,9.833891,-33.88459396362305,151.19161987304688,
1.47173910146E12,-0.10896278,0.4903325,9.493382,-33.88459396362305,151.19161987304688,
1.471739102168E12,0.027240695,0.6401563,10.065437,-33.88459396362305,151.19161987304688,
1.47173910271E12,-0.14982383,0.6810174,9.956474,-33.88459396362305,151.19161987304688,
1.471739103386E12,-0.06810174,0.40861043,9.493382,-33.88459396362305,151.19161987304688,
1.471739104052E12,-0.027240695,0.44947147,9.602345,-33.88459396362305,151.19161987304688,
1.471739104739E12,-0.0,0.6401563,10.147159,-33.88459396362305,151.19161987304688,
1.471739105416E12,0.027240695,0.5720546,10.024576,-33.88459396362305,151.19161987304688,
1.471739106184E12,0.027240695,0.61291564,9.874752,-33.88459396362305,151.19161987304688,
1.471739106849E12,-0.06810174,0.61291564,9.80665,-33.88459396362305,151.19161987304688,
1.471739107519E12,-0.06810174,0.53119355,9.575105,-33.88459396362305,151.19161987304688,
1.471739108202E12,-0.027240695,0.53119355,9.684067,-33.88459396362305,151.19161987304688,
1.471739108878E12,-0.06810174,0.53119355,9.575105,-33.88459396362305,151.19161987304688,
1.471739109584E12,0.027240695,0.53119355,9.956474,-33.88459396362305,151.19161987304688,
1.471739110261E12,-0.027240695,0.6401563,10.065437,-33.88459396362305,151.19161987304688,
1.471739110948E12,-0.06810174,0.53119355,9.997335,-33.88459396362305,151.19161987304688,
1.471739111614E12,-0.0,0.61291564,9.80665,-33.88459396362305,151.19161987304688,
1.471739112309E12,-0.21792556,0.53119355,9.80665,-33.88459396362305,151.19161987304688,
1.471739112861E12,-0.0,0.44947147,9.643207,-33.88459396362305,151.19161987304688,
1.471739113535E12,-0.06810174,0.6810174,9.874752,-33.88459396362305,151.19161987304688,
1.47173911424E12,-0.06810174,0.61291564,9.80665,-33.88459396362305,151.19161987304688,
1.471739114908E12,-0.027240695,0.5720546,9.833891,-33.88459396362305,151.19161987304688,
1.471739115589E12,-0.14982383,0.38136974,9.575105,-33.88459396362305,151.19161987304688,
1.471739116272E12,-0.21792556,1.1032481,10.256122,-33.88459396362305,151.19161987304688,
1.471739116961E12,0.38136974,2.0566726,8.771504,-33.88459396362305,151.19161987304688,
1.471739117637E12,0.027240695,2.7104492,9.602345,-33.88459396362305,151.19161987304688,
1.471739118313E12,-0.25878662,2.6423476,9.765789,-33.88459396362305,151.19161987304688,
1.471739118864E12,0.06810174,2.3290794,9.452521,-33.88459396362305,151.19161987304688,
1.471739119552E12,-0.3405087,2.669588,9.41166,-33.88459396362305,151.19161987304688,
1.471739120194E12,0.10896278,1.9068487,8.499097,-33.88459396362305,151.19161987304688,
1.471739120799E12,-0.87170225,1.9885708,10.528529,-33.88459396362305,151.19161987304688,
1.471739121496E12,0.14982383,2.2473574,10.296983,-33.88459396362305,151.19161987304688,
1.471739122196E12,-0.61291564,1.7978859,9.956474,-33.88459396362305,151.19161987304688,
1.471739122876E12,-0.06810174,1.9477097,9.343558,-33.88459396362305,151.19161987304688,
1.471739123553E12,0.7218784,1.1032481,9.874752,-33.884517669677734,151.19149780273438,
1.471739124233E12,-0.10896278,1.4437568,10.637491,-33.884517669677734,151.19149780273438,
1.471739124921E12,-0.06810174,1.1849703,9.493382,-33.884517669677734,151.19149780273438,
1.471739125456E12,-0.10896278,1.3756552,9.261836,-33.88449478149414,151.1913299560547,
1.471739126004E12,0.10896278,0.87170225,8.771504,-33.88449478149414,151.1913299560547,
1.471739126681E12,-0.0,0.29964766,8.798744,-33.88452911376953,151.19117736816406,
1.471739127352E12,0.44947147,1.0623871,9.384419,-33.88457107543945,151.19100952148438,
1.471739128039E12,1.1441092,0.9942854,10.378705,-33.88457107543945,151.19100952148438,
1.471739128727E12,-0.44947147,1.484618,10.637491,-33.88462448120117,151.1907958984375,
1.471739129405E12,-0.10896278,0.61291564,9.112013,-33.884700775146484,151.19053649902344,
1.471739130095E12,-0.06810174,1.8387469,11.141444,-33.884700775146484,151.19053649902344,
1.471739130764E12,-0.10896278,1.6344417,10.419566,-33.8847541809082,151.19027709960938,
1.471739131441E12,-0.25878662,1.2258313,10.446807,-33.884796142578125,151.1901092529297,
1.471739132187E12,-0.14982383,1.4437568,9.261836,-33.884796142578125,151.1901092529297,
1.471739132806E12,-0.10896278,1.0623871,10.446807,-33.88483810424805,151.18983459472656,
1.471739133356E12,0.19068487,0.8308412,9.152874,-33.88483810424805,151.18983459472656,
1.471739134018E12,-0.8308412,0.6401563,10.147159,-33.88483810424805,151.18983459472656,
1.471739134694E12,0.14982383,0.9942854,10.147159,-33.88483810424805,151.18983459472656,
1.471739135392E12,-0.06810174,0.3405087,9.602345,-33.88483810424805,151.18983459472656,
1.471739136074E12,0.8036005,0.6810174,10.106298,-33.88483810424805,151.18983459472656,
1.471739136763E12,-0.53119355,0.0,9.874752,-33.884742736816406,151.18955993652344,
1.471739137452E12,0.027240695,0.61291564,10.869038,-33.88467788696289,151.1893768310547,
1.471739138106E12,0.38136974,1.0623871,10.95076,-33.88467788696289,151.1893768310547,
1.471739138795E12,0.10896278,1.4165162,10.2152605,-33.88467788696289,151.1893768310547,
1.471739139477E12,0.21792556,1.334794,9.997335,-33.88463592529297,151.18922424316406,
1.471739140183E12,0.9125633,0.8036005,8.267551,-33.88463592529297,151.18922424316406,
1.471739140853E12,-0.40861043,0.95342433,9.030291,-33.88462448120117,151.1890869140625,
1.471739141503E12,0.21792556,0.25878662,9.915613,-33.88462448120117,151.1890869140625,
1.471739142185E12,0.40861043,0.8036005,10.61025,-33.88462448120117,151.1890869140625,
1.471739142873E12,-0.21792556,0.44947147,9.261836,-33.88429260253906,151.18875122070313,
1.471739143554E12,0.87170225,0.7627395,7.8861814,-33.88420486450195,151.1886444091797,
1.471739144233E12,0.06810174,0.87170225,9.534244,-33.88429260253906,151.1884002685547,
1.471739144907E12,-0.61291564,0.29964766,9.534244,-33.88429260253906,151.1884002685547,
1.471739145585E12,0.29964766,-0.44947147,10.337844,-33.8843994140625,151.1881103515625,
1.471739146264E12,-0.4903325,-0.10896278,10.61025,-33.884559631347656,151.18772888183594,
1.471739146958E12,-0.53119355,0.21792556,10.61025,-33.884559631347656,151.18772888183594,
1.471739147639E12,-0.25878662,0.29964766,9.997335,-33.884559631347656,151.18772888183594,
1.471739148318E12,-0.21792556,0.40861043,9.493382,-33.884559631347656,151.18772888183594,
1.471739148997E12,-0.7218784,-0.44947147,9.152874,-33.884559631347656,151.18772888183594,
1.471739149606E12,-0.10896278,-0.6401563,9.452521,-33.884559631347656,151.18772888183594,
1.471739150229E12,-0.29964766,-0.8308412,10.446807,-33.884559631347656,151.18772888183594,
1.471739150917E12,-0.4903325,-0.14982383,10.2152605,-33.884559631347656,151.18772888183594,
1.471739151599E12,1.253072,0.38136974,10.637491,-33.884559631347656,151.18772888183594,
1.471739152254E12,0.10896278,0.06810174,10.909899,-33.884559631347656,151.18772888183594,
1.471739152944E12,1.3756552,0.027240695,9.152874,-33.884559631347656,151.18772888183594,
1.471739153626E12,0.21792556,0.21792556,10.18802,-33.88445281982422,151.18666076660156,
1.47173915429E12,-0.25878662,-0.21792556,10.065437,-33.88445281982422,151.18666076660156,
1.471739154991E12,-0.87170225,0.8308412,9.80665,-33.88445281982422,151.18666076660156,
1.471739155652E12,0.027240695,0.3405087,8.580819,-33.88445281982422,151.18666076660156,
1.471739156325E12,0.06810174,0.21792556,10.065437,-33.88361740112305,151.1868896484375,
1.471739157009E12,-1.253072,0.10896278,9.643207,-33.88361740112305,151.1868896484375,
1.471739157711E12,0.027240695,-0.5720546,10.2152605,-33.88328170776367,151.18702697753906,
1.4717391584E12,-0.14982383,-0.19068487,9.80665,-33.88328170776367,151.18702697753906,
1.471739159072E12,0.40861043,-0.21792556,10.256122,-33.88328170776367,151.18702697753906,
1.471739159754E12,-0.4903325,0.027240695,9.384419,-33.88328170776367,151.18702697753906,
1.471739160427E12,-1.1032481,-0.06810174,7.84532,-33.88328170776367,151.18702697753906,
1.471739161135E12,0.40861043,-1.1849703,2.7513103,-33.88328170776367,151.18702697753906,
1.471739161804E12,0.95342433,0.61291564,16.657684,-33.88328170776367,151.18702697753906,
1.471739162483E12,-0.7218784,0.19068487,9.874752,-33.88328170776367,151.18702697753906,
1.471739163199E12,0.61291564,0.5720546,9.874752,-33.88328170776367,151.18702697753906,
1.471739163845E12,-0.3405087,0.25878662,10.106298,-33.88328170776367,151.18702697753906,
1.471739164495E12,-0.027240695,0.3405087,10.18802,-33.88328170776367,151.18702697753906,
1.471739165116E12,-0.44947147,0.4903325,9.765789,-33.88328170776367,151.18702697753906,
1.471739165814E12,-0.8308412,0.6810174,9.833891,-33.88328170776367,151.18702697753906,
1.471739166456E12,-0.6810174,1.1032481,9.534244,-33.88328170776367,151.18702697753906,
1.471739167219E12,-0.4903325,0.38136974,10.256122,-33.88328170776367,151.18702697753906,
1.471739167826E12,0.14982383,0.19068487,9.452521,-33.88328170776367,151.18702697753906,
1.471739168375E12,-0.14982383,0.21792556,9.071152,-33.88328170776367,151.18702697753906,
1.471739168925E12,-0.29964766,0.44947147,10.61025,-33.88328170776367,151.18702697753906,
1.471739169609E12,0.14982383,0.0,9.997335,-33.88328170776367,151.18702697753906,
1.4717391702E12,-0.21792556,0.19068487,9.384419,-33.88328170776367,151.18702697753906,
1.471739170704E12,-0.25878662,0.29964766,10.61025,-33.88328170776367,151.18702697753906,
1.471739171385E12,0.95342433,0.0,9.643207,-33.88328170776367,151.18702697753906,
1.471739172072E12,-0.3405087,-0.027240695,8.267551,-33.88328170776367,151.18702697753906,
1.471739172752E12,-0.29964766,-0.19068487,8.839605,-33.88529968261719,151.18243408203125,
1.471739173423E12,0.25878662,-0.61291564,10.024576,-33.88529968261719,151.18243408203125,
1.471739174189E12,0.38136974,0.29964766,11.291268,-33.88529968261719,151.18243408203125,
1.471739174804E12,-0.44947147,0.027240695,8.839605,-33.88529968261719,151.18243408203125,
1.471739175489E12,-0.53119355,0.19068487,10.147159,-33.88529968261719,151.18243408203125,
1.471739176171E12,-0.95342433,0.19068487,10.296983,-33.88529968261719,151.18243408203125,
1.471739176847E12,-0.44947147,-0.61291564,9.452521,-33.88529968261719,151.18243408203125,
1.471739177514E12,-0.53119355,-0.38136974,9.152874,-33.88529968261719,151.18243408203125,
1.471739178182E12,-0.61291564,-0.14982383,10.446807,-33.88529968261719,151.18243408203125,
1.471739178854E12,0.14982383,0.06810174,10.106298,-33.88529968261719,151.18243408203125,
1.471739179474E12,-0.21792556,-0.44947147,10.56939,-33.88529968261719,151.18243408203125,
1.471739180116E12,0.3405087,-0.19068487,10.256122,-33.88529968261719,151.18243408203125,
1.471739180758E12,-0.6401563,-0.53119355,8.349273,-33.88529968261719,151.18243408203125,
1.471739181459E12,0.06810174,-0.53119355,11.141444,-33.88529968261719,151.18243408203125,
1.471739182141E12,-0.4903325,-1.1441092,8.185829,-33.88529968261719,151.18243408203125,
1.471739182825E12,0.40861043,-0.8308412,10.56939,-33.88529968261719,151.18243408203125,
1.471739183376E12,-0.19068487,-1.293933,9.452521,-33.8857307434082,151.18048095703125,
1.471739184055E12,0.53119355,-0.9125633,11.032481,-33.8857307434082,151.18048095703125,
1.471739184754E12,0.06810174,-1.525479,9.833891,-33.885589599609375,151.1802978515625,
1.471739185209E12,0.14982383,-1.334794,9.833891,-33.885589599609375,151.1802978515625,
1.471739185826E12,-0.19068487,-1.8659877,9.684067,-33.885589599609375,151.1802978515625,
1.471739186503E12,0.10896278,-2.1383946,9.261836,-33.88551330566406,151.18002319335938,
1.471739187178E12,0.06810174,-2.2201166,9.41166,-33.88551330566406,151.18002319335938,
1.471739187851E12,0.027240695,-1.0623871,9.956474,-33.88551330566406,151.18002319335938,
1.471739188529E12,-0.44947147,-1.1441092,9.384419,-33.8857421875,151.17971801757813,
1.471739189218E12,-0.06810174,-0.6810174,10.2152605,-33.8857421875,151.17971801757813,
1.471739189904E12,-0.6401563,-1.1441092,9.874752,-33.8857421875,151.17971801757813,
1.471739190581E12,-0.21792556,-1.1441092,9.874752,-33.88578414916992,151.17959594726563,
1.471739191252E12,-0.21792556,-1.0215261,9.765789,-33.88585662841797,151.17950439453125,
1.471739191939E12,-0.10896278,-0.29964766,9.874752,-33.88585662841797,151.17950439453125,
1.471739192621E12,-0.0,0.25878662,9.302697,-33.88585662841797,151.17950439453125,
1.471739193301E12,-0.29964766,0.38136974,9.874752,-33.88596725463867,151.17942810058594,
1.47173919399E12,-0.19068487,0.38136974,9.493382,-33.88596725463867,151.17942810058594,
1.471739194676E12,-0.19068487,0.40861043,9.643207,-33.88596725463867,151.17942810058594,
1.471739195365E12,-0.19068487,0.29964766,9.575105,-33.88596725463867,151.17942810058594,
1.471739196052E12,-0.19068487,0.38136974,9.833891,-33.88596725463867,151.17942810058594,
1.47173919673E12,-0.19068487,0.44947147,10.024576,-33.88596725463867,151.17942810058594,
1.47173919743E12,-0.027240695,0.44947147,9.643207,-33.88596725463867,151.17942810058594,
1.471739198104E12,-0.21792556,0.44947147,10.024576,-33.88596725463867,151.17942810058594,
1.47173919866E12,-0.027240695,0.38136974,9.915613,-33.8857421875,151.17959594726563,
1.471739199337E12,-0.21792556,0.40861043,9.765789,-33.8857421875,151.17959594726563,
1.471739199888E12,-0.10896278,0.44947147,9.575105,-33.8857421875,151.17959594726563,
1.471739200436E12,-0.10896278,0.44947147,10.106298,-33.8857421875,151.17959594726563,
1.471739201174E12,-0.10896278,0.3405087,9.602345,-33.8857421875,151.17959594726563,
1.471739201791E12,-0.14982383,0.4903325,9.874752,-33.8857421875,151.17959594726563,
1.471739202496E12,-0.06810174,0.38136974,9.684067,-33.885589599609375,151.17970275878906,
1.471739203043E12,-0.06810174,0.29964766,9.833891,-33.885589599609375,151.17970275878906,
1.471739203729E12,-0.14982383,0.4903325,9.833891,-33.88533401489258,151.17987060546875,
1.471739204273E12,-0.10896278,0.40861043,9.493382,-33.88533401489258,151.17987060546875,
